,ID_hecho,FECHA,ROL,VICTIMA,SEXO,EDAD,GRAVEDAD
0,2016-0001,2016-01-01,CONDUCTOR,MOTO,MASCULINO,19.0,FATAL
1,2016-0002,2016-01-02,CONDUCTOR,AUTO,MASCULINO,70.0,FATAL
2,2016-0003,2016-01-03,CONDUCTOR,MOTO,MASCULINO,30.0,FATAL
3,2016-0004,2016-01-10,CONDUCTOR,MOTO,MASCULINO,18.0,FATAL
4,2016-0005,2016-01-21,CONDUCTOR,MOTO,MASCULINO,29.0,FATAL
5,2016-0008,2016-01-24,CONDUCTOR,MOTO,MASCULINO,30.0,FATAL
6,2016-0009,2016-01-24,PASAJERO_ACOMPAÑANTE,MOTO,MASCULINO,29.0,FATAL
7,2016-0010,2016-01-29,CONDUCTOR,MOTO,MASCULINO,18.0,FATAL
8,2016-0012,2016-02-08,CONDUCTOR,MOTO,MASCULINO,22.0,FATAL
9,2016-0013,2016-02-10,PEATON,PEATON,MASCULINO,16.0,FATAL
10,2016-0015,2016-02-14,PEATON,PEATON,FEMENINO,16.0,FATAL
11,2016-0016,2016-02-14,PASAJERO_ACOMPAÑANTE,MOTO,FEMENINO,19.0,FATAL
12,2016-0017,2016-02-15,PEATON,PEATON,MASCULINO,59.0,FATAL
13,2016-0019,2016-02-17,PEATON,PEATON,FEMENINO,65.0,FATAL
14,2016-0020,2016-02-17,PEATON,PEATON,MASCULINO,59.0,FATAL
15,2016-0021,2016-02-17,CONDUCTOR,AUTO,MASCULINO,34.0,FATAL
16,2016-0022,2016-02-21,PASAJERO_ACOMPAÑANTE,MOTO,MASCULINO,41.0,FATAL
17,2016-0025,2016-02-28,PASAJERO_ACOMPAÑANTE,AUTO,MASCULINO,34.0,FATAL
18,2016-0026,2016-02-28,CONDUCTOR,AUTO,MASCULINO,30.0,FATAL
19,2016-0027,2016-02-28,PASAJERO_ACOMPAÑANTE,AUTO,MASCULINO,34.0,FATAL
20,2016-0028,2016-03-02,PEATON,PEATON,MASCULINO,50.0,FATAL
21,2016-0029,2016-03-04,PEATON,PEATON,MASCULINO,38.0,FATAL
22,2016-0031,2016-03-08,CONDUCTOR,MOTO,MASCULINO,21.0,FATAL
23,2016-0034,2016-03-12,PEATON,PEATON,MASCULINO,52.0,FATAL
24,2016-0035,2016-03-13,CONDUCTOR,MOTO,MASCULINO,34.0,FATAL
25,2016-0036,2016-03-14,PASAJERO_ACOMPAÑANTE,MOTO,MASCULINO,36.0,FATAL
26,2016-0037,2016-03-19,CONDUCTOR,MOTO,MASCULINO,20.0,FATAL
27,2016-0038,2016-03-21,PEATON,PEATON,MASCULINO,29.0,FATAL
28,2016-0039,2016-03-23,CONDUCTOR,MOTO,MASCULINO,20.0,FATAL
29,2016-0041,2016-03-29,CONDUCTOR,MOTO,MASCULINO,54.0,FATAL
30,2016-0041,2016-03-29,PASAJERO_ACOMPAÑANTE,MOTO,MASCULINO,,FATAL
31,2016-0043,2016-03-30,PEATON,PEATON,FEMENINO,56.0,FATAL
32,2016-0044,2016-03-31,CONDUCTOR,MOTO,MASCULINO,24.0,FATAL
33,2016-0045,2016-04-11,CONDUCTOR,MOTO,MASCULINO,,FATAL
34,2016-0047,2016-04-15,PEATON,PEATON,MASCULINO,41.0,FATAL
35,2016-0048,2016-04-15,PEATON,PEATON,FEMENINO,,FATAL
36,2016-0049,2016-04-17,,,,,FATAL
37,2016-0050,2016-04-19,PEATON,PEATON,MASCULINO,78.0,FATAL
38,2016-0051,2016-04-20,CONDUCTOR,MOTO,MASCULINO,36.0,FATAL
39,2016-0052,2016-04-20,,MOTO,,,FATAL
40,2016-0053,2016-04-22,PEATON,PEATON,MASCULINO,38.0,FATAL
41,2016-0054,2016-04-23,CONDUCTOR,MOTO,MASCULINO,30.0,FATAL
42,2016-0055,2016-04-25,PEATON,PEATON,MASCULINO,79.0,FATAL
43,2016-0056,2016-04-26,CONDUCTOR,MOTO,MASCULINO,26.0,FATAL
44,2016-0058,2016-05-04,PEATON,PEATON,FEMENINO,57.0,FATAL
45,2016-0059,2016-05-08,PEATON,PEATON,MASCULINO,37.0,FATAL
46,2016-0064,2016-05-14,PEATON,PEATON,MASCULINO,20.0,FATAL
47,2016-0065,2016-05-20,PEATON,PEATON,MASCULINO,20.0,FATAL
48,2016-0067,2016-05-21,PASAJERO_ACOMPAÑANTE,MOTO,FEMENINO,30.0,FATAL
49,2016-0068,2016-05-22,CONDUCTOR,MOTO,MASCULINO,58.0,FATAL
50,2016-0069,2016-05-23,CONDUCTOR,AUTO,MASCULINO,30.0,FATAL
51,2016-0073,2016-06-11,CONDUCTOR,MOTO,MASCULINO,23.0,FATAL
52,2016-0074,2016-06-12,CONDUCTOR,AUTO,MASCULINO,60.0,FATAL
53,2016-0075,2016-06-12,PEATON,PEATON,MASCULINO,42.0,FATAL
54,2016-0076,2016-06-13,PEATON,PEATON,FEMENINO,53.0,FATAL
55,2016-0077,2016-06-13,PEATON,PEATON,FEMENINO,,FATAL
56,2016-0078,2016-06-13,CONDUCTOR,MOTO,MASCULINO,30.0,FATAL
57,2016-0079,2016-06-16,CONDUCTOR,AUTO,FEMENINO,51.0,FATAL
58,2016-0080,2016-06-18,CONDUCTOR,AUTO,MASCULINO,60.0,FATAL
59,2016-0081,2016-06-22,CONDUCTOR,MOTO,MASCULINO,40.0,FATAL
60,2016-0082,2016-06-27,PEATON,PEATON,MASCULINO,87.0,FATAL
61,2016-0083,2016-06-28,PEATON,PEATON,FEMENINO,76.0,FATAL
62,2016-0084,2016-06-29,PEATON,PEATON,MASCULINO,57.0,FATAL
63,2016-0085,2016-06-29,,MOTO,MASCULINO,,FATAL
64,2016-0086,2016-06-30,PEATON,PEATON,MASCULINO,75.0,FATAL
65,2016-0087,2016-07-03,CONDUCTOR,MOTO,MASCULINO,23.0,FATAL
66,2016-0088,2016-07-11,PEATON,PEATON,FEMENINO,70.0,FATAL
67,2016-0089,2016-07-14,PEATON,PEATON,MASCULINO,35.0,FATAL
68,2016-0090,2016-07-14,PEATON,PEATON,MASCULINO,60.0,FATAL
69,2016-0092,2016-07-15,CONDUCTOR,MOTO,MASCULINO,24.0,FATAL
70,2016-0093,2016-07-17,CONDUCTOR,AUTO,MASCULINO,35.0,FATAL
71,2016-0095,2016-07-23,CONDUCTOR,MOTO,MASCULINO,29.0,FATAL
72,2016-0096,2016-07-25,CONDUCTOR,MOTO,MASCULINO,,FATAL
73,2016-0097,2016-07-26,PEATON,PEATON,MASCULINO,80.0,FATAL
74,2016-0098,2016-07-27,CONDUCTOR,MOTO,FEMENINO,43.0,FATAL
75,2016-0099,2016-07-29,CONDUCTOR,CARGAS,MASCULINO,45.0,FATAL
76,2016-0100,2016-08-03,CONDUCTOR,MOTO,MASCULINO,57.0,FATAL
77,2016-0101,2016-08-07,,,MASCULINO,67.0,FATAL
78,2016-0102,2016-08-10,CONDUCTOR,MOTO,MASCULINO,29.0,FATAL
79,2016-0104,2016-08-14,CONDUCTOR,MOTO,MASCULINO,21.0,FATAL
80,2016-0105,2016-08-17,PEATON,PEATON,MASCULINO,19.0,FATAL
81,2016-0106,2016-08-19,PEATON,PEATON,MASCULINO,38.0,FATAL
82,2016-0107,2016-08-20,CONDUCTOR,MOTO,MASCULINO,21.0,FATAL
83,2016-0109,2016-08-24,CONDUCTOR,AUTO,FEMENINO,53.0,FATAL
84,2016-0110,2016-08-24,PEATON,PEATON,MASCULINO,57.0,FATAL
85,2016-0111,2016-08-25,CONDUCTOR,MOTO,MASCULINO,27.0,FATAL
86,2016-0112,2016-08-27,CONDUCTOR,MOTO,MASCULINO,24.0,FATAL
87,2016-0113,2016-08-27,PEATON,PEATON,FEMENINO,60.0,FATAL
88,2016-0114,2016-08-31,CICLISTA,BICICLETA,FEMENINO,55.0,FATAL
89,2016-0115,2016-09-02,,,MASCULINO,,FATAL
90,2016-0116,2016-09-02,CONDUCTOR,MOTO,MASCULINO,30.0,FATAL
91,2016-0117,2016-09-03,CONDUCTOR,AUTO,MASCULINO,43.0,FATAL
92,2016-0118,2016-09-04,CONDUCTOR,AUTO,MASCULINO,27.0,FATAL
93,2016-0119,2016-09-04,PASAJERO_ACOMPAÑANTE,,FEMENINO,,FATAL
94,2016-0122,2016-09-13,CICLISTA,BICICLETA,MASCULINO,49.0,FATAL
95,2016-0123,2016-09-14,CONDUCTOR,MOTO,FEMENINO,58.0,FATAL
96,2016-0124,2016-09-16,PEATON,PEATON,MASCULINO,67.0,FATAL
97,2016-0125,2016-09-17,CONDUCTOR,MOTO,MASCULINO,30.0,FATAL
98,2016-0126,2016-09-18,CONDUCTOR,AUTO,MASCULINO,37.0,FATAL
99,2016-0126,2016-09-18,PASAJERO_ACOMPAÑANTE,AUTO,MASCULINO,60.0,FATAL
100,2016-0127,2016-09-24,PEATON,PEATON,MASCULINO,50.0,FATAL
101,2016-0128,2016-10-02,PEATON,PEATON,FEMENINO,81.0,FATAL
102,2016-0130,2016-10-04,CONDUCTOR,MOTO,MASCULINO,29.0,FATAL
103,2016-0131,2016-10-09,PEATON,PEATON,MASCULINO,35.0,FATAL
104,2016-0132,2016-10-10,PASAJERO_ACOMPAÑANTE,AUTO,MASCULINO,30.0,FATAL
105,2016-0133,2016-10-14,CONDUCTOR,MOTO,MASCULINO,41.0,FATAL
106,2016-0134,2016-10-23,CONDUCTOR,MOTO,MASCULINO,25.0,FATAL
107,2016-0135,2016-10-24,PEATON,PEATON,MASCULINO,29.0,FATAL
108,2016-0136,2016-10-25,CONDUCTOR,MOTO,,,FATAL
109,2016-0137,2016-10-25,CONDUCTOR,MOTO,MASCULINO,30.0,FATAL
110,2016-0138,2016-10-27,CICLISTA,BICICLETA,FEMENINO,33.0,FATAL
111,2016-0139,2016-10-28,PASAJERO_ACOMPAÑANTE,MOTO,FEMENINO,35.0,FATAL
112,2016-0140,2016-10-31,PASAJERO_ACOMPAÑANTE,PASAJEROS,MASCULINO,20.0,FATAL
113,2016-0142,2016-11-05,CONDUCTOR,MOTO,MASCULINO,46.0,FATAL
114,2016-0143,2016-11-06,CONDUCTOR,MOTO,MASCULINO,35.0,FATAL
115,2016-0144,2016-11-07,PEATON,PEATON,MASCULINO,83.0,FATAL
116,2016-0145,2016-11-07,CONDUCTOR,MOTO,MASCULINO,39.0,FATAL
117,2016-0146,2016-11-09,PEATON,PEATON,FEMENINO,29.0,FATAL
118,2016-0147,2016-11-16,PASAJERO_ACOMPAÑANTE,MOVIL,MASCULINO,55.0,FATAL
119,2016-0148,2016-11-16,CONDUCTOR,MOTO,MASCULINO,,FATAL
120,2016-0150,2016-11-18,PASAJERO_ACOMPAÑANTE,CARGAS,MASCULINO,41.0,FATAL
121,2016-0151,2016-11-18,PEATON,PEATON,,,FATAL
122,2016-0152,2016-11-23,CONDUCTOR,MOTO,MASCULINO,42.0,FATAL
123,2016-0153,2016-11-25,PEATON,PEATON,FEMENINO,83.0,FATAL
124,2016-0154,2016-11-26,CONDUCTOR,MOTO,MASCULINO,38.0,FATAL
125,2016-0155,2016-11-26,PEATON,PEATON,FEMENINO,29.0,FATAL
126,2016-0156,2016-11-26,CONDUCTOR,MOTO,MASCULINO,23.0,FATAL
127,2016-0157,2016-12-03,CONDUCTOR,MOTO,MASCULINO,23.0,FATAL
128,2016-0159,2016-12-04,CONDUCTOR,AUTO,MASCULINO,23.0,FATAL
129,2016-0160,2016-12-06,CONDUCTOR,CARGAS,MASCULINO,29.0,FATAL
130,2016-0161,2016-12-06,PEATON,PEATON,MASCULINO,50.0,FATAL
131,2016-0162,2016-12-07,PEATON,PEATON,MASCULINO,38.0,FATAL
132,2016-0163,2016-12-10,CONDUCTOR,MOTO,MASCULINO,23.0,FATAL
133,2016-0164,2016-12-11,CONDUCTOR,AUTO,MASCULINO,29.0,FATAL
134,2016-0165,2016-12-12,CICLISTA,BICICLETA,MASCULINO,37.0,FATAL
135,2016-0168,2016-12-13,CONDUCTOR,MOTO,MASCULINO,43.0,FATAL
136,2016-0169,2016-12-15,CONDUCTOR,MOTO,MASCULINO,24.0,FATAL
137,2016-0170,2016-12-19,PASAJERO_ACOMPAÑANTE,MOTO,MASCULINO,21.0,FATAL
138,2016-0171,2016-12-25,CONDUCTOR,MOTO,,,FATAL
139,2016-0172,2016-12-26,CONDUCTOR,MOTO,MASCULINO,38.0,FATAL
140,2016-0173,2016-12-26,CONDUCTOR,MOTO,MASCULINO,35.0,FATAL
141,2016-0174,2016-12-27,,,,,FATAL
142,2016-0175,2016-12-27,PEATON,PEATON,FEMENINO,,FATAL
143,2016-0176,2016-12-28,CONDUCTOR,MOTO,MASCULINO,28.0,FATAL
144,2016-0177,2016-12-29,PEATON,PEATON,FEMENINO,27.0,FATAL
145,2016-0178,2016-12-30,PEATON,PEATON,FEMENINO,7.0,FATAL
146,2017-0001,2017-01-02,CONDUCTOR,MOTO,MASCULINO,18.0,FATAL
147,2017-0003,2017-01-05,PASAJERO_ACOMPAÑANTE,CARGAS,MASCULINO,33.0,FATAL
148,2017-0007,2017-01-11,PEATON,PEATON,MASCULINO,48.0,FATAL
149,2017-0008,2017-01-16,CONDUCTOR,MOTO,MASCULINO,29.0,FATAL
150,2017-0009,2017-01-16,CONDUCTOR,MOTO,MASCULINO,36.0,FATAL
151,2017-0010,2017-01-16,CONDUCTOR,MOTO,MASCULINO,23.0,FATAL
152,2017-0011,2017-01-22,PASAJERO_ACOMPAÑANTE,MOTO,FEMENINO,29.0,FATAL
153,2017-0012,2017-01-24,CONDUCTOR,MOTO,MASCULINO,30.0,FATAL
154,2017-0013,2017-01-27,PEATON,PEATON,MASCULINO,4.0,FATAL
155,2017-0014,2017-01-28,PASAJERO_ACOMPAÑANTE,MOTO,FEMENINO,22.0,FATAL
156,2017-0015,2017-02-02,PEATON,PEATON,MASCULINO,82.0,FATAL
157,2017-0016,2017-02-03,CONDUCTOR,MOTO,MASCULINO,27.0,FATAL
158,2017-0017,2017-02-06,CONDUCTOR,MOTO,MASCULINO,32.0,FATAL
159,2017-0018,2017-02-09,CONDUCTOR,MOTO,MASCULINO,30.0,FATAL
160,2017-0021,2017-02-18,CONDUCTOR,MOTO,MASCULINO,43.0,FATAL
161,2017-0024,2017-02-23,PEATON,PEATON,MASCULINO,39.0,FATAL
162,2017-0025,2017-02-24,CONDUCTOR,MOTO,MASCULINO,23.0,FATAL
163,2017-0026,2017-02-26,PASAJERO_ACOMPAÑANTE,AUTO,FEMENINO,23.0,FATAL
164,2017-0026,2017-02-26,CONDUCTOR,AUTO,MASCULINO,19.0,FATAL
165,2017-0027,2017-02-26,PEATON,PEATON,MASCULINO,,FATAL
166,2017-0028,2017-02-28,PEATON,PEATON,MASCULINO,87.0,FATAL
167,2017-0029,2017-03-07,,,MASCULINO,34.0,FATAL
168,2017-0030,2017-03-07,CONDUCTOR,AUTO,FEMENINO,27.0,FATAL
169,2017-0031,2017-03-11,PASAJERO_ACOMPAÑANTE,AUTO,MASCULINO,70.0,FATAL
170,2017-0032,2017-03-12,PASAJERO_ACOMPAÑANTE,AUTO,FEMENINO,40.0,FATAL
171,2017-0033,2017-03-12,CONDUCTOR,AUTO,MASCULINO,28.0,FATAL
172,2017-0034,2017-03-13,PEATON,PEATON,MASCULINO,43.0,FATAL
173,2017-0035,2017-03-23,CONDUCTOR,AUTO,MASCULINO,28.0,FATAL
174,2017-0035,2017-03-23,PASAJERO_ACOMPAÑANTE,AUTO,MASCULINO,32.0,FATAL
175,2017-0035,2017-03-23,PASAJERO_ACOMPAÑANTE,AUTO,MASCULINO,30.0,FATAL
176,2017-0036,2017-03-29,PASAJERO_ACOMPAÑANTE,MOTO,FEMENINO,,FATAL
177,2017-0036,2017-03-29,CONDUCTOR,MOTO,MASCULINO,20.0,FATAL
178,2017-0037,2017-03-31,CONDUCTOR,MOTO,MASCULINO,41.0,FATAL
179,2017-0038,2017-04-01,CONDUCTOR,MOTO,FEMENINO,40.0,FATAL
180,2017-0040,2017-04-03,CONDUCTOR,AUTO,MASCULINO,43.0,FATAL
181,2017-0041,2017-04-03,CONDUCTOR,MOTO,MASCULINO,17.0,FATAL
182,2017-0042,2017-04-10,CONDUCTOR,MOTO,MASCULINO,,FATAL
183,2017-0045,2017-04-14,CONDUCTOR,MOTO,MASCULINO,21.0,FATAL
184,2017-0047,2017-04-23,CONDUCTOR,MOTO,MASCULINO,37.0,FATAL
185,2017-0049,2017-04-27,PEATON,PEATON,MASCULINO,22.0,FATAL
186,2017-0050,2017-04-28,CONDUCTOR,MOTO,MASCULINO,46.0,FATAL
187,2017-0050,2017-04-28,PASAJERO_ACOMPAÑANTE,MOTO,MASCULINO,16.0,FATAL
188,2017-0051,2017-05-01,CONDUCTOR,AUTO,MASCULINO,33.0,FATAL
189,2017-0052,2017-05-05,PEATON,PEATON,FEMENINO,47.0,FATAL
190,2017-0053,2017-05-05,CONDUCTOR,MOTO,MASCULINO,28.0,FATAL
191,2017-0054,2017-05-07,PASAJERO_ACOMPAÑANTE,MOTO,FEMENINO,20.0,FATAL
192,2017-0055,2017-05-09,CONDUCTOR,AUTO,MASCULINO,32.0,FATAL
193,2017-0058,2017-05-09,PEATON,PEATON,MASCULINO,80.0,FATAL
194,2017-0059,2017-05-11,PEATON,PEATON,FEMENINO,39.0,FATAL
195,2017-0060,2017-05-13,PASAJERO_ACOMPAÑANTE,MOTO,MASCULINO,30.0,FATAL
196,2017-0061,2017-05-15,PEATON,PEATON,MASCULINO,47.0,FATAL
197,2017-0062,2017-05-15,CONDUCTOR,MOTO,MASCULINO,35.0,FATAL
198,2017-0063,2017-05-17,PEATON,PEATON,FEMENINO,79.0,FATAL
199,2017-0064,2017-05-20,PASAJERO_ACOMPAÑANTE,CARGAS,MASCULINO,61.0,FATAL
200,2017-0065,2017-05-22,CICLISTA,BICICLETA,MASCULINO,21.0,FATAL
201,2017-0066,2017-05-22,PEATON,PEATON,MASCULINO,10.0,FATAL
202,2017-0067,2017-05-23,CONDUCTOR,MOTO,MASCULINO,21.0,FATAL
203,2017-0068,2017-05-27,CONDUCTOR,MOTO,MASCULINO,32.0,FATAL
204,2017-0069,2017-05-29,CONDUCTOR,MOTO,MASCULINO,39.0,FATAL
205,2017-0070,2017-05-30,PEATON,PEATON,MASCULINO,80.0,FATAL
206,2017-0072,2017-06-03,CONDUCTOR,AUTO,MASCULINO,25.0,FATAL
207,2017-0073,2017-06-04,CONDUCTOR,MOTO,MASCULINO,19.0,FATAL
208,2017-0074,2017-06-04,,,MASCULINO,70.0,FATAL
209,2017-0075,2017-06-12,PEATON,PEATON,MASCULINO,55.0,FATAL
210,2017-0076,2017-06-13,PEATON,PEATON,FEMENINO,30.0,FATAL
211,2017-0077,2017-06-17,CONDUCTOR,MOTO,FEMENINO,60.0,FATAL
212,2017-0079,2017-06-19,CONDUCTOR,MOTO,MASCULINO,33.0,FATAL
213,2017-0080,2017-06-22,PEATON,PEATON,FEMENINO,95.0,FATAL
214,2017-0082,2017-06-25,PEATON,PEATON,MASCULINO,36.0,FATAL
215,2017-0083,2017-07-04,CONDUCTOR,MOTO,MASCULINO,37.0,FATAL
216,2017-0084,2017-07-05,PEATON,PEATON,FEMENINO,73.0,FATAL
217,2017-0085,2017-07-07,PEATON,PEATON,MASCULINO,84.0,FATAL
218,2017-0086,2017-07-09,PEATON,PEATON,FEMENINO,30.0,FATAL
219,2017-0087,2017-07-10,PEATON,PEATON,FEMENINO,73.0,FATAL
220,2017-0088,2017-07-10,PEATON,PEATON,MASCULINO,43.0,FATAL
221,2017-0089,2017-07-13,,,MASCULINO,23.0,FATAL
222,2017-0090,2017-07-15,PEATON,PEATON,MASCULINO,22.0,FATAL
223,2017-0091,2017-07-15,CONDUCTOR,MOTO,MASCULINO,58.0,FATAL
224,2017-0092,2017-07-24,PEATON,PEATON,MASCULINO,66.0,FATAL
225,2017-0093,2017-07-25,PEATON,PEATON,MASCULINO,,FATAL
226,2017-0094,2017-07-27,CICLISTA,BICICLETA,FEMENINO,56.0,FATAL
227,2017-0095,2017-08-06,CONDUCTOR,MOTO,MASCULINO,36.0,FATAL
228,2017-0096,2017-08-07,PEATON,PEATON,MASCULINO,87.0,FATAL
229,2017-0098,2017-08-08,PEATON,PEATON,FEMENINO,61.0,FATAL
230,2017-0099,2017-08-17,CICLISTA,BICICLETA,MASCULINO,28.0,FATAL
231,2017-0100,2017-08-21,PASAJERO_ACOMPAÑANTE,MOTO,FEMENINO,16.0,FATAL
232,2017-0101,2017-08-23,PEATON,PEATON,FEMENINO,61.0,FATAL
233,2017-0102,2017-08-24,PEATON,PEATON,MASCULINO,46.0,FATAL
234,2017-0104,2017-08-25,PEATON,PEATON,FEMENINO,18.0,FATAL
235,2017-0106,2017-08-31,PEATON,PEATON,FEMENINO,85.0,FATAL
236,2017-0107,2017-09-01,CONDUCTOR,MOTO,MASCULINO,41.0,FATAL
237,2017-0108,2017-09-02,PASAJERO_ACOMPAÑANTE,AUTO,MASCULINO,17.0,FATAL
238,2017-0108,2017-09-02,PASAJERO_ACOMPAÑANTE,AUTO,MASCULINO,10.0,FATAL
239,2017-0109,2017-09-04,CONDUCTOR,MOTO,MASCULINO,21.0,FATAL
240,2017-0110,2017-09-06,PEATON,PEATON,MASCULINO,56.0,FATAL
241,2017-0111,2017-09-07,PEATON,PEATON,FEMENINO,79.0,FATAL
242,2017-0112,2017-09-10,PASAJERO_ACOMPAÑANTE,AUTO,MASCULINO,1.0,FATAL
243,2017-0112,2017-09-10,PASAJERO_ACOMPAÑANTE,AUTO,MASCULINO,,FATAL
244,2017-0113,2017-09-11,PEATON,PEATON,FEMENINO,76.0,FATAL
245,2017-0114,2017-09-15,CONDUCTOR,AUTO,MASCULINO,26.0,FATAL
246,2017-0115,2017-09-19,CONDUCTOR,MOTO,MASCULINO,34.0,FATAL
247,2017-0116,2017-09-20,CONDUCTOR,MOTO,MASCULINO,22.0,FATAL
248,2017-0118,2017-09-22,PASAJERO_ACOMPAÑANTE,MOTO,FEMENINO,26.0,FATAL
249,2017-0120,2017-10-02,CONDUCTOR,MOTO,MASCULINO,20.0,FATAL
250,2017-0123,2017-10-10,PEATON,PEATON,FEMENINO,36.0,FATAL
251,2017-0124,2017-10-12,CONDUCTOR,MOTO,MASCULINO,51.0,FATAL
252,2017-0125,2017-10-13,CONDUCTOR,MOTO,MASCULINO,29.0,FATAL
253,2017-0126,2017-10-14,PASAJERO_ACOMPAÑANTE,AUTO,MASCULINO,39.0,FATAL
254,2017-0126,2017-10-14,CONDUCTOR,AUTO,MASCULINO,36.0,FATAL
255,2017-0127,2017-10-16,PASAJERO_ACOMPAÑANTE,MOTO,MASCULINO,24.0,FATAL
256,2017-0128,2017-10-17,PEATON,PEATON,FEMENINO,60.0,FATAL
257,2017-0129,2017-10-26,CONDUCTOR,MOTO,MASCULINO,57.0,FATAL
258,2017-0130,2017-10-27,CONDUCTOR,AUTO,MASCULINO,23.0,FATAL
259,2017-0132,2017-10-30,CONDUCTOR,MOTO,MASCULINO,23.0,FATAL
260,2017-0134,2017-11-06,PEATON,PEATON,FEMENINO,47.0,FATAL
261,2017-0135,2017-11-07,CONDUCTOR,MOTO,MASCULINO,24.0,FATAL
262,2017-0136,2017-11-16,PEATON,PEATON,MASCULINO,55.0,FATAL
263,2017-0137,2017-11-17,PEATON,PEATON,FEMENINO,60.0,FATAL
264,2017-0138,2017-11-19,PASAJERO_ACOMPAÑANTE,MOTO,MASCULINO,25.0,FATAL
265,2017-0139,2017-11-19,PASAJERO_ACOMPAÑANTE,AUTO,FEMENINO,15.0,FATAL
266,2017-0140,2017-11-19,CONDUCTOR,MOTO,MASCULINO,24.0,FATAL
267,2017-0141,2017-11-23,PEATON,PEATON,FEMENINO,22.0,FATAL
268,2017-0143,2017-11-25,CONDUCTOR,AUTO,MASCULINO,50.0,FATAL
269,2017-0144,2017-11-26,PASAJERO_ACOMPAÑANTE,AUTO,FEMENINO,50.0,FATAL
270,2017-0145,2017-11-26,CONDUCTOR,MOTO,MASCULINO,58.0,FATAL
271,2017-0147,2017-11-28,CONDUCTOR,MOTO,MASCULINO,49.0,FATAL
272,2017-0148,2017-11-29,PEATON,PEATON,FEMENINO,82.0,FATAL
273,2017-0149,2017-11-30,PEATON,PEATON,MASCULINO,13.0,FATAL
274,2017-0150,2017-12-04,PEATON,PEATON,MASCULINO,56.0,FATAL
275,2017-0151,2017-12-04,PEATON,PEATON,MASCULINO,,FATAL
276,2017-0152,2017-12-06,CICLISTA,BICICLETA,MASCULINO,19.0,FATAL
277,2017-0153,2017-12-11,PASAJERO_ACOMPAÑANTE,MOTO,MASCULINO,,FATAL
278,2017-0153,2017-12-11,CONDUCTOR,MOTO,MASCULINO,30.0,FATAL
279,2017-0154,2017-12-11,PEATON,PEATON,MASCULINO,76.0,FATAL
280,2017-0155,2017-12-12,,,MASCULINO,77.0,FATAL
281,2017-0157,2017-12-17,CONDUCTOR,AUTO,MASCULINO,53.0,FATAL
282,2017-0158,2017-12-18,CONDUCTOR,MOTO,MASCULINO,32.0,FATAL
283,2017-0159,2017-12-20,CONDUCTOR,MOTO,MASCULINO,27.0,FATAL
284,2017-0160,2017-12-22,PEATON,PEATON,FEMENINO,30.0,FATAL
285,2017-0161,2017-12-26,PEATON,PEATON,FEMENINO,30.0,FATAL
286,2018-0001,2018-01-01,PEATON,PEATON,MASCULINO,83.0,FATAL
287,2018-0002,2018-01-03,CICLISTA,BICICLETA,FEMENINO,26.0,FATAL
288,2018-0003,2018-01-05,PEATON,PEATON,FEMENINO,58.0,FATAL
289,2018-0004,2018-01-09,CONDUCTOR,MOTO,MASCULINO,39.0,FATAL
290,2018-0005,2018-01-09,PEATON,PEATON,MASCULINO,54.0,FATAL
291,2018-0006,2018-01-10,CICLISTA,BICICLETA,FEMENINO,45.0,FATAL
292,2018-0007,2018-01-11,CONDUCTOR,AUTO,MASCULINO,46.0,FATAL
293,2018-0008,2018-01-12,CONDUCTOR,MOTO,FEMENINO,32.0,FATAL
294,2018-0009,2018-01-14,CONDUCTOR,MOTO,MASCULINO,19.0,FATAL
295,2018-0010,2018-01-18,CONDUCTOR,MOTO,MASCULINO,40.0,FATAL
296,2018-0011,2018-01-19,PEATON,PEATON,MASCULINO,84.0,FATAL
297,2018-0012,2018-01-26,CONDUCTOR,MOTO,MASCULINO,20.0,FATAL
298,2018-0013,2018-01-28,CONDUCTOR,MOTO,MASCULINO,44.0,FATAL
299,2018-0014,2018-01-31,PEATON,PEATON,MASCULINO,,FATAL
300,2018-0015,2018-02-06,CONDUCTOR,MOTO,MASCULINO,28.0,FATAL
301,2018-0015,2018-02-06,PASAJERO_ACOMPAÑANTE,MOTO,MASCULINO,19.0,FATAL
302,2018-0016,2018-02-15,CONDUCTOR,MOTO,MASCULINO,31.0,FATAL
303,2018-0017,2018-02-17,PEATON,PEATON,MASCULINO,35.0,FATAL
304,2018-0018,2018-02-17,CONDUCTOR,MOTO,MASCULINO,26.0,FATAL
305,2018-0019,2018-02-17,PEATON,PEATON,FEMENINO,80.0,FATAL
306,2018-0020,2018-02-19,CONDUCTOR,MOTO,MASCULINO,26.0,FATAL
307,2018-0021,2018-02-22,PEATON,PEATON,FEMENINO,62.0,FATAL
308,2018-0022,2018-02-24,CONDUCTOR,MOTO,MASCULINO,28.0,FATAL
309,2018-0023,2018-02-24,CONDUCTOR,MOTO,MASCULINO,28.0,FATAL
310,2018-0024,2018-02-28,PEATON,PEATON,MASCULINO,70.0,FATAL
311,2018-0025,2018-03-04,PEATON,PEATON,MASCULINO,70.0,FATAL
312,2018-0026,2018-03-09,CONDUCTOR,MOVIL,MASCULINO,24.0,FATAL
313,2018-0026,2018-03-09,PASAJERO_ACOMPAÑANTE,MOVIL,MASCULINO,30.0,FATAL
314,2018-0027,2018-03-11,PEATON,PEATON,FEMENINO,74.0,FATAL
315,2018-0028,2018-03-13,PEATON,PEATON,MASCULINO,71.0,FATAL
316,2018-0029,2018-03-15,CONDUCTOR,MOTO,MASCULINO,26.0,FATAL
317,2018-0030,2018-03-20,CONDUCTOR,MOTO,MASCULINO,24.0,FATAL
318,2018-0031,2018-03-28,CONDUCTOR,MOTO,MASCULINO,31.0,FATAL
319,2018-0032,2018-04-02,PEATON,PEATON,MASCULINO,70.0,FATAL
320,2018-0033,2018-04-07,CONDUCTOR,MOTO,FEMENINO,42.0,FATAL
321,2018-0034,2018-04-11,PEATON,PEATON,MASCULINO,24.0,FATAL
322,2018-0035,2018-04-12,PEATON,PEATON,FEMENINO,39.0,FATAL
323,2018-0036,2018-04-13,CONDUCTOR,MOTO,MASCULINO,37.0,FATAL
324,2018-0037,2018-04-18,PEATON,PEATON,MASCULINO,84.0,FATAL
325,2018-0038,2018-04-20,PEATON,PEATON,FEMENINO,59.0,FATAL
326,2018-0038,2018-04-20,PEATON,PEATON,MASCULINO,61.0,FATAL
327,2018-0039,2018-04-21,PEATON,PEATON,MASCULINO,37.0,FATAL
328,2018-0040,2018-04-27,PEATON,PEATON,FEMENINO,,FATAL
329,2018-0041,2018-04-27,PEATON,PEATON,FEMENINO,78.0,FATAL
330,2018-0042,2018-04-27,PASAJERO_ACOMPAÑANTE,MOTO,MASCULINO,23.0,FATAL
331,2018-0043,2018-04-28,CONDUCTOR,MOTO,MASCULINO,25.0,FATAL
332,2018-0044,2018-04-28,PEATON,PEATON,FEMENINO,50.0,FATAL
333,2018-0045,2018-04-30,CONDUCTOR,AUTO,MASCULINO,60.0,FATAL
334,2018-0046,2018-05-02,PEATON,PEATON,MASCULINO,11.0,FATAL
335,2018-0047,2018-05-08,PEATON,PEATON,MASCULINO,82.0,FATAL
336,2018-0048,2018-05-09,PEATON,PEATON,MASCULINO,57.0,FATAL
337,2018-0049,2018-05-11,PEATON,PEATON,FEMENINO,40.0,FATAL
338,2018-0050,2018-05-14,PEATON,PEATON,FEMENINO,47.0,FATAL
339,2018-0051,2018-05-15,PEATON,PEATON,FEMENINO,57.0,FATAL
340,2018-0052,2018-05-18,PEATON,PEATON,MASCULINO,78.0,FATAL
341,2018-0053,2018-05-20,CONDUCTOR,MOTO,MASCULINO,43.0,FATAL
342,2018-0054,2018-05-22,PEATON,PEATON,FEMENINO,86.0,FATAL
343,2018-0055,2018-05-29,CONDUCTOR,MOTO,MASCULINO,21.0,FATAL
344,2018-0056,2018-06-02,PEATON,PEATON,FEMENINO,69.0,FATAL
345,2018-0057,2018-06-03,CONDUCTOR,MOTO,MASCULINO,33.0,FATAL
346,2018-0058,2018-06-03,CONDUCTOR,MOTO,MASCULINO,26.0,FATAL
347,2018-0059,2018-06-08,CONDUCTOR,MOTO,MASCULINO,54.0,FATAL
348,2018-0060,2018-06-08,PEATON,PEATON,MASCULINO,51.0,FATAL
349,2018-0061,2018-06-10,CONDUCTOR,MOTO,MASCULINO,51.0,FATAL
350,2018-0062,2018-06-14,PEATON,PEATON,MASCULINO,32.0,FATAL
351,2018-0063,2018-06-16,PEATON,PEATON,FEMENINO,28.0,FATAL
352,2018-0064,2018-06-25,CONDUCTOR,AUTO,MASCULINO,30.0,FATAL
353,2018-0065,2018-06-26,CONDUCTOR,MOTO,MASCULINO,35.0,FATAL
354,2018-0066,2018-06-28,PEATON,PEATON,MASCULINO,73.0,FATAL
355,2018-0067,2018-06-29,PASAJERO_ACOMPAÑANTE,PASAJEROS,FEMENINO,81.0,FATAL
356,2018-0068,2018-07-01,CONDUCTOR,MOTO,MASCULINO,21.0,FATAL
357,2018-0069,2018-07-04,CICLISTA,BICICLETA,MASCULINO,20.0,FATAL
358,2018-0070,2018-07-07,CONDUCTOR,MOTO,MASCULINO,33.0,FATAL
359,2018-0071,2018-07-10,CONDUCTOR,MOTO,MASCULINO,,FATAL
360,2018-0072,2018-07-11,CONDUCTOR,MOTO,MASCULINO,27.0,FATAL
361,2018-0073,2018-07-11,PEATON,PEATON,FEMENINO,67.0,FATAL
362,2018-0074,2018-07-14,CONDUCTOR,AUTO,MASCULINO,25.0,FATAL
363,2018-0075,2018-07-15,PEATON,PEATON,MASCULINO,23.0,FATAL
364,2018-0076,2018-07-16,CONDUCTOR,AUTO,MASCULINO,73.0,FATAL
365,2018-0077,2018-07-16,CONDUCTOR,AUTO,MASCULINO,58.0,FATAL
366,2018-0078,2018-07-21,PEATON,PEATON,MASCULINO,27.0,FATAL
367,2018-0079,2018-07-23,PEATON,PEATON,MASCULINO,,FATAL
368,2018-0080,2018-07-25,PEATON,PEATON,MASCULINO,26.0,FATAL
369,2018-0081,2018-07-29,PEATON,PEATON,MASCULINO,35.0,FATAL
370,2018-0082,2018-08-01,CONDUCTOR,MOTO,FEMENINO,17.0,FATAL
371,2018-0083,2018-08-02,CONDUCTOR,MOTO,MASCULINO,,FATAL
372,2018-0084,2018-08-03,PEATON,PEATON,MASCULINO,45.0,FATAL
373,2018-0085,2018-08-03,PASAJERO_ACOMPAÑANTE,MOTO,FEMENINO,22.0,FATAL
374,2018-0085,2018-08-03,CONDUCTOR,MOTO,MASCULINO,30.0,FATAL
375,2018-0086,2018-08-10,PEATON,PEATON,MASCULINO,40.0,FATAL
376,2018-0087,2018-08-15,PEATON,PEATON,MASCULINO,75.0,FATAL
377,2018-0088,2018-08-17,CONDUCTOR,MOTO,MASCULINO,,FATAL
378,2018-0089,2018-08-17,PEATON,PEATON,MASCULINO,80.0,FATAL
379,2018-0090,2018-08-18,CONDUCTOR,MOTO,MASCULINO,27.0,FATAL
380,2018-0091,2018-08-19,PASAJERO_ACOMPAÑANTE,AUTO,FEMENINO,23.0,FATAL
381,2018-0092,2018-08-20,CONDUCTOR,MOTO,MASCULINO,23.0,FATAL
382,2018-0093,2018-08-20,PEATON,PEATON,MASCULINO,24.0,FATAL
383,2018-0094,2018-08-23,CONDUCTOR,MOTO,MASCULINO,32.0,FATAL
384,2018-0095,2018-08-26,PASAJERO_ACOMPAÑANTE,AUTO,FEMENINO,49.0,FATAL
385,2018-0096,2018-08-31,PEATON,PEATON,MASCULINO,39.0,FATAL
386,2018-0097,2018-09-02,CONDUCTOR,AUTO,FEMENINO,35.0,FATAL
387,2018-0098,2018-09-09,CONDUCTOR,AUTO,MASCULINO,55.0,FATAL
388,2018-0098,2018-09-09,PASAJERO_ACOMPAÑANTE,AUTO,MASCULINO,54.0,FATAL
389,2018-0099,2018-09-12,PEATON,PEATON,MASCULINO,18.0,FATAL
390,2018-0100,2018-09-20,,MOTO,FEMENINO,33.0,FATAL
391,2018-0101,2018-09-21,CONDUCTOR,AUTO,MASCULINO,,FATAL
392,2018-0102,2018-09-21,CONDUCTOR,MOTO,MASCULINO,20.0,FATAL
393,2018-0103,2018-09-27,PEATON,PEATON,MASCULINO,1.0,FATAL
394,2018-0104,2018-10-01,CONDUCTOR,MOTO,MASCULINO,22.0,FATAL
395,2018-0105,2018-10-03,PEATON,PEATON,FEMENINO,56.0,FATAL
396,2018-0106,2018-10-04,CONDUCTOR,MOTO,MASCULINO,27.0,FATAL
397,2018-0107,2018-10-06,PEATON,PEATON,FEMENINO,62.0,FATAL
398,2018-0108,2018-10-09,CONDUCTOR,MOTO,MASCULINO,37.0,FATAL
399,2018-0109,2018-10-10,PEATON,PEATON,MASCULINO,34.0,FATAL
400,2018-0110,2018-10-13,PEATON,PEATON,MASCULINO,60.0,FATAL
401,2018-0111,2018-10-19,CONDUCTOR,MOTO,MASCULINO,28.0,FATAL
402,2018-0112,2018-10-24,CONDUCTOR,MOTO,FEMENINO,28.0,FATAL
403,2018-0113,2018-10-25,CONDUCTOR,MOTO,MASCULINO,20.0,FATAL
404,2018-0114,2018-10-30,CONDUCTOR,MOTO,MASCULINO,23.0,FATAL
405,2018-0115,2018-10-31,PEATON,PEATON,MASCULINO,42.0,FATAL
406,2018-0116,2018-11-01,PEATON,PEATON,MASCULINO,48.0,FATAL
407,2018-0117,2018-11-04,CONDUCTOR,MOTO,MASCULINO,30.0,FATAL
408,2018-0118,2018-11-05,PEATON,PEATON,FEMENINO,80.0,FATAL
409,2018-0119,2018-11-05,PEATON,PEATON,FEMENINO,32.0,FATAL
410,2018-0120,2018-11-09,PEATON,PEATON,FEMENINO,51.0,FATAL
411,2018-0121,2018-11-09,PEATON,PEATON,FEMENINO,72.0,FATAL
412,2018-0122,2018-11-12,CONDUCTOR,AUTO,MASCULINO,33.0,FATAL
413,2018-0123,2018-11-12,CONDUCTOR,AUTO,MASCULINO,25.0,FATAL
414,2018-0124,2018-11-15,CONDUCTOR,CARGAS,MASCULINO,44.0,FATAL
415,2018-0125,2018-11-16,PEATON,PEATON,MASCULINO,29.0,FATAL
416,2018-0126,2018-11-18,CONDUCTOR,MOTO,MASCULINO,27.0,FATAL
417,2018-0127,2018-11-19,CONDUCTOR,MOTO,MASCULINO,29.0,FATAL
418,2018-0128,2018-11-25,PASAJERO_ACOMPAÑANTE,AUTO,MASCULINO,49.0,FATAL
419,2018-0128,2018-11-25,PASAJERO_ACOMPAÑANTE,AUTO,FEMENINO,39.0,FATAL
420,2018-0129,2018-11-28,CONDUCTOR,MOTO,MASCULINO,37.0,FATAL
421,2018-0130,2018-12-03,CONDUCTOR,MOTO,MASCULINO,,FATAL
422,2018-0131,2018-12-07,CONDUCTOR,MOTO,MASCULINO,29.0,FATAL
423,2018-0132,2018-12-12,PEATON,PEATON,MASCULINO,70.0,FATAL
424,2018-0133,2018-12-12,PEATON,PEATON,FEMENINO,60.0,FATAL
425,2018-0134,2018-12-12,PEATON,PEATON,MASCULINO,56.0,FATAL
426,2018-0135,2018-12-18,PEATON,PEATON,MASCULINO,80.0,FATAL
427,2018-0136,2018-12-18,PEATON,PEATON,FEMENINO,70.0,FATAL
428,2018-0137,2018-12-18,PASAJERO_ACOMPAÑANTE,MOTO,MASCULINO,29.0,FATAL
429,2018-0138,2018-12-21,PASAJERO_ACOMPAÑANTE,PASAJEROS,FEMENINO,79.0,FATAL
430,2018-0139,2018-12-22,PASAJERO_ACOMPAÑANTE,MOTO,MASCULINO,28.0,FATAL
431,2018-0140,2018-12-22,CONDUCTOR,AUTO,MASCULINO,78.0,FATAL
432,2018-0141,2018-12-22,PEATON,PEATON,MASCULINO,75.0,FATAL
433,2018-0142,2018-12-25,PASAJERO_ACOMPAÑANTE,CARGAS,MASCULINO,32.0,FATAL
434,2018-0143,2018-12-29,CONDUCTOR,MOTO,MASCULINO,22.0,FATAL
435,2019-0001,2019-01-08,CONDUCTOR,MOTO,MASCULINO,25.0,FATAL
436,2019-0002,2019-01-09,CONDUCTOR,AUTO,MASCULINO,32.0,FATAL
437,2019-0003,2019-01-12,CONDUCTOR,MOTO,MASCULINO,23.0,FATAL
438,2019-0004,2019-01-14,CONDUCTOR,AUTO,MASCULINO,71.0,FATAL
439,2019-0005,2019-01-19,CONDUCTOR,MOTO,MASCULINO,43.0,FATAL
440,2019-0006,2019-01-23,PEATON,PEATON,FEMENINO,12.0,FATAL
441,2019-0007,2019-01-26,CONDUCTOR,MOTO,MASCULINO,35.0,FATAL
442,2019-0008,2019-01-30,CONDUCTOR,MOTO,MASCULINO,42.0,FATAL
443,2019-0009,2019-01-31,CONDUCTOR,MOTO,MASCULINO,34.0,FATAL
444,2019-0010,2019-02-02,PEATON,PEATON,MASCULINO,,FATAL
445,2019-0010,2019-02-02,PEATON,PEATON,MASCULINO,59.0,FATAL
446,2019-0011,2019-02-10,PEATON,PEATON,MASCULINO,,FATAL
447,2019-0012,2019-02-17,CONDUCTOR,MOTO,MASCULINO,31.0,FATAL
448,2019-0013,2019-02-20,PEATON,PEATON,MASCULINO,39.0,FATAL
449,2019-0014,2019-02-20,CONDUCTOR,MOTO,MASCULINO,69.0,FATAL
450,2019-0015,2019-02-23,CONDUCTOR,AUTO,MASCULINO,21.0,FATAL
451,2019-0016,2019-02-24,CONDUCTOR,MOTO,MASCULINO,40.0,FATAL
452,2019-0017,2019-03-03,CONDUCTOR,AUTO,MASCULINO,22.0,FATAL
453,2019-0018,2019-03-03,PEATON,PEATON,FEMENINO,29.0,FATAL
454,2019-0019,2019-03-06,CONDUCTOR,MOTO,MASCULINO,,FATAL
455,2019-0020,2019-03-07,CONDUCTOR,MOTO,MASCULINO,43.0,FATAL
456,2019-0021,2019-03-15,CONDUCTOR,MOTO,MASCULINO,23.0,FATAL
457,2019-0022,2019-03-15,PASAJERO_ACOMPAÑANTE,AUTO,MASCULINO,,FATAL
458,2019-0023,2019-03-16,CONDUCTOR,AUTO,MASCULINO,34.0,FATAL
459,2019-0024,2019-03-19,CONDUCTOR,MOTO,MASCULINO,32.0,FATAL
460,2019-0025,2019-03-22,PEATON,PEATON,MASCULINO,27.0,FATAL
461,2019-0026,2019-03-28,PEATON,PEATON,MASCULINO,,FATAL
462,2019-0027,2019-03-28,CICLISTA,BICICLETA,MASCULINO,37.0,FATAL
463,2019-0028,2019-04-06,PEATON,PEATON,FEMENINO,,FATAL
464,2019-0029,2019-04-07,CONDUCTOR,MOTO,MASCULINO,27.0,FATAL
465,2019-0030,2019-04-09,CONDUCTOR,MOTO,MASCULINO,25.0,FATAL
466,2019-0031,2019-04-12,CICLISTA,BICICLETA,MASCULINO,20.0,FATAL
467,2019-0032,2019-04-16,PEATON,PEATON,FEMENINO,83.0,FATAL
468,2019-0033,2019-04-18,CONDUCTOR,MOTO,MASCULINO,25.0,FATAL
469,2019-0034,2019-04-21,CONDUCTOR,MOTO,MASCULINO,,FATAL
470,2019-0035,2019-04-23,PEATON,PEATON,FEMENINO,75.0,FATAL
471,2019-0036,2019-04-26,CONDUCTOR,MOTO,MASCULINO,34.0,FATAL
472,2019-0037,2019-05-01,CONDUCTOR,MOTO,MASCULINO,17.0,FATAL
473,2019-0038,2019-05-04,PEATON,PEATON,FEMENINO,42.0,FATAL
474,2019-0105,2019-05-05,PEATON,PEATON,FEMENINO,82.0,FATAL
475,2019-0039,2019-05-09,CONDUCTOR,MOTO,MASCULINO,28.0,FATAL
476,2019-0040,2019-05-09,CONDUCTOR,MOTO,MASCULINO,44.0,FATAL
477,2019-0041,2019-05-11,PASAJERO_ACOMPAÑANTE,AUTO,FEMENINO,78.0,FATAL
478,2019-0042,2019-05-14,PEATON,PEATON,MASCULINO,39.0,FATAL
479,2019-0043,2019-05-21,CICLISTA,BICICLETA,FEMENINO,,FATAL
480,2019-0044,2019-05-27,PEATON,PEATON,FEMENINO,77.0,FATAL
481,2019-0045,2019-06-03,CONDUCTOR,MOTO,MASCULINO,33.0,FATAL
482,2019-0046,2019-06-04,PASAJERO_ACOMPAÑANTE,MOTO,FEMENINO,26.0,FATAL
483,2019-0047,2019-06-06,PEATON,PEATON,MASCULINO,76.0,FATAL
484,2019-0048,2019-06-07,CONDUCTOR,MOTO,MASCULINO,32.0,FATAL
485,2019-0049,2019-06-08,PEATON,PEATON,FEMENINO,72.0,FATAL
486,2019-0050,2019-06-08,CONDUCTOR,MOTO,MASCULINO,21.0,FATAL
487,2019-0051,2019-06-11,CONDUCTOR,MOTO,MASCULINO,41.0,FATAL
488,2019-0053,2019-06-14,PASAJERO_ACOMPAÑANTE,AUTO,MASCULINO,49.0,FATAL
489,2019-0054,2019-06-20,CONDUCTOR,MOTO,MASCULINO,21.0,FATAL
490,2019-0055,2019-06-20,CONDUCTOR,MOTO,MASCULINO,47.0,FATAL
491,2019-0056,2019-06-29,PEATON,PEATON,FEMENINO,75.0,FATAL
492,2019-0057,2019-07-05,PEATON,PEATON,FEMENINO,63.0,FATAL
493,2019-0058,2019-07-10,CONDUCTOR,MOTO,MASCULINO,39.0,FATAL
494,2019-0059,2019-07-13,CONDUCTOR,MOTO,MASCULINO,30.0,FATAL
495,2019-0060,2019-07-17,PEATON,PEATON,FEMENINO,78.0,FATAL
496,2019-0061,2019-07-17,PEATON,PEATON,FEMENINO,58.0,FATAL
497,2019-0062,2019-08-01,PEATON,PEATON,FEMENINO,60.0,FATAL
498,2019-0063,2019-08-04,PASAJERO_ACOMPAÑANTE,MOTO,MASCULINO,,FATAL
499,2019-0064,2019-08-06,CONDUCTOR,MOTO,MASCULINO,20.0,FATAL
500,2019-0065,2019-08-08,PEATON,PEATON,FEMENINO,55.0,FATAL
501,2019-0066,2019-08-11,PEATON,PEATON,MASCULINO,40.0,FATAL
502,2019-0067,2019-08-14,CONDUCTOR,MOTO,MASCULINO,35.0,FATAL
503,2019-0068,2019-08-14,CONDUCTOR,MOTO,MASCULINO,53.0,FATAL
504,2019-0069,2019-08-17,CONDUCTOR,MOTO,MASCULINO,43.0,FATAL
505,2019-0070,2019-08-22,CONDUCTOR,MOTO,MASCULINO,25.0,FATAL
506,2019-0071,2019-08-27,PEATON,PEATON,MASCULINO,,FATAL
507,2019-0072,2019-08-28,CONDUCTOR,AUTO,MASCULINO,22.0,FATAL
508,2019-0073,2019-08-29,CONDUCTOR,AUTO,MASCULINO,29.0,FATAL
509,2019-0074,2019-08-29,CONDUCTOR,MOTO,MASCULINO,35.0,FATAL
510,2019-0075,2019-08-30,CONDUCTOR,MOTO,MASCULINO,31.0,FATAL
511,2019-0076,2019-09-05,CONDUCTOR,MOTO,FEMENINO,29.0,FATAL
512,2019-0077,2019-09-08,PEATON,PEATON,FEMENINO,28.0,FATAL
513,2019-0078,2019-09-12,PEATON,PEATON,FEMENINO,72.0,FATAL
514,2019-0079,2019-09-17,CONDUCTOR,MOTO,MASCULINO,57.0,FATAL
515,2019-0080,2019-09-17,PEATON,PEATON,MASCULINO,76.0,FATAL
516,2019-0081,2019-09-23,PEATON,PEATON,MASCULINO,67.0,FATAL
517,2019-0082,2019-09-25,CICLISTA,BICICLETA,MASCULINO,47.0,FATAL
518,2019-0083,2019-09-26,CONDUCTOR,AUTO,MASCULINO,73.0,FATAL
519,2019-0084,2019-09-27,CICLISTA,BICICLETA,FEMENINO,40.0,FATAL
520,2019-0085,2019-10-09,CICLISTA,BICICLETA,MASCULINO,20.0,FATAL
521,2019-0086,2019-10-15,CONDUCTOR,MOTO,MASCULINO,29.0,FATAL
522,2019-0087,2019-10-21,CONDUCTOR,MOTO,MASCULINO,41.0,FATAL
523,2019-0088,2019-10-22,PEATON,PEATON,MASCULINO,27.0,FATAL
524,2019-0089,2019-10-23,PEATON,PEATON,FEMENINO,92.0,FATAL
525,2019-0090,2019-10-24,PEATON,PEATON,MASCULINO,67.0,FATAL
526,2019-0091,2019-11-01,PEATON,PEATON,MASCULINO,35.0,FATAL
527,2019-0092,2019-11-03,PEATON,PEATON,MASCULINO,37.0,FATAL
528,2019-0093,2019-11-13,CICLISTA,BICICLETA,MASCULINO,16.0,FATAL
529,2019-0094,2019-11-18,PASAJERO_ACOMPAÑANTE,MOTO,FEMENINO,,FATAL
530,2019-0095,2019-11-20,CONDUCTOR,MOTO,MASCULINO,,FATAL
531,2019-0096,2019-11-22,PEATON,PEATON,MASCULINO,73.0,FATAL
532,2019-0097,2019-11-25,PASAJERO_ACOMPAÑANTE,MOTO,FEMENINO,23.0,FATAL
533,2019-0098,2019-11-25,PASAJERO_ACOMPAÑANTE,PASAJEROS,FEMENINO,61.0,FATAL
534,2019-0100,2019-12-05,CONDUCTOR,MOTO,MASCULINO,38.0,FATAL
535,2019-0101,2019-12-17,CONDUCTOR,MOTO,MASCULINO,25.0,FATAL
536,2019-0102,2019-12-17,CONDUCTOR,MOTO,MASCULINO,18.0,FATAL
537,2019-0103,2019-12-18,CONDUCTOR,MOTO,MASCULINO,24.0,FATAL
538,2019-0104,2019-12-21,PASAJERO_ACOMPAÑANTE,MOTO,FEMENINO,23.0,FATAL
539,2020-0001,2020-01-04,PEATON,PEATON,FEMENINO,87.0,FATAL
540,2020-0002,2020-01-05,CONDUCTOR,MOTO,MASCULINO,36.0,FATAL
541,2020-0003,2020-01-11,PEATON,PEATON,MASCULINO,44.0,FATAL
542,2020-0004,2020-01-14,PEATON,PEATON,MASCULINO,82.0,FATAL
543,2020-0005,2020-01-14,CONDUCTOR,MOTO,MASCULINO,25.0,FATAL
544,2020-0006,2020-01-20,CONDUCTOR,MOTO,MASCULINO,23.0,FATAL
545,2020-0007,2020-01-27,PEATON,PEATON,MASCULINO,52.0,FATAL
546,2020-0008,2020-01-30,CONDUCTOR,MOTO,MASCULINO,49.0,FATAL
547,2020-0009,2020-02-04,PEATON,PEATON,MASCULINO,48.0,FATAL
548,2020-0010,2020-02-08,CONDUCTOR,MOTO,MASCULINO,,FATAL
549,2020-0011,2020-02-12,CONDUCTOR,MOTO,MASCULINO,31.0,FATAL
550,2020-0012,2020-02-18,PEATON,PEATON,FEMENINO,66.0,FATAL
551,2020-0013,2020-02-20,PEATON,PEATON,FEMENINO,58.0,FATAL
552,2020-0014,2020-02-27,CONDUCTOR,MOTO,MASCULINO,,FATAL
553,2020-0015,2020-02-28,CONDUCTOR,MOTO,MASCULINO,29.0,FATAL
554,2020-0016,2020-02-29,PEATON,PEATON,MASCULINO,68.0,FATAL
555,2020-0017,2020-03-05,PEATON,PEATON,MASCULINO,,FATAL
556,2020-0018,2020-03-09,CONDUCTOR,MOTO,MASCULINO,31.0,FATAL
557,2020-0019,2020-03-10,PEATON,PEATON,FEMENINO,80.0,FATAL
558,2020-0020,2020-03-13,PEATON,PEATON,FEMENINO,74.0,FATAL
559,2020-0021,2020-03-14,PEATON,PEATON,FEMENINO,87.0,FATAL
560,2020-0022,2020-04-07,PASAJERO_ACOMPAÑANTE,AUTO,MASCULINO,44.0,FATAL
561,2020-0023,2020-04-09,CONDUCTOR,AUTO,MASCULINO,44.0,FATAL
562,2020-0024,2020-04-24,CONDUCTOR,AUTO,MASCULINO,53.0,FATAL
563,2020-0025,2020-05-12,PEATON,PEATON,MASCULINO,,FATAL
564,2020-0026,2020-05-17,CONDUCTOR,MOTO,MASCULINO,28.0,FATAL
565,2020-0027,2020-05-18,PEATON,PEATON,MASCULINO,76.0,FATAL
566,2020-0028,2020-05-19,PEATON,PEATON,MASCULINO,91.0,FATAL
567,2020-0029,2020-06-10,PEATON,PEATON,MASCULINO,80.0,FATAL
568,2020-0030,2020-06-16,CONDUCTOR,MOTO,MASCULINO,40.0,FATAL
569,2020-0031,2020-06-30,CONDUCTOR,MOTO,MASCULINO,29.0,FATAL
570,2020-0032,2020-07-10,CONDUCTOR,MOTO,MASCULINO,21.0,FATAL
571,2020-0033,2020-07-19,CONDUCTOR,AUTO,MASCULINO,32.0,FATAL
572,2020-0034,2020-08-02,PEATON,PEATON,FEMENINO,,FATAL
573,2020-0035,2020-08-04,CONDUCTOR,MOTO,MASCULINO,40.0,FATAL
574,2020-0036,2020-08-07,PEATON,PEATON,MASCULINO,72.0,FATAL
575,2020-0037,2020-08-29,PEATON,PEATON,MASCULINO,38.0,FATAL
576,2020-0038,2020-08-30,CONDUCTOR,AUTO,MASCULINO,46.0,FATAL
577,2020-0038,2020-08-30,CONDUCTOR,AUTO,MASCULINO,64.0,FATAL
578,2020-0039,2020-09-01,PEATON,PEATON,MASCULINO,44.0,FATAL
579,2020-0040,2020-09-12,CONDUCTOR,AUTO,MASCULINO,,FATAL
580,2020-0041,2020-09-28,CONDUCTOR,MOTO,MASCULINO,34.0,FATAL
581,2020-0042,2020-09-29,PEATON,PEATON,FEMENINO,53.0,FATAL
582,2020-0043,2020-09-30,PEATON,PEATON,MASCULINO,64.0,FATAL
583,2020-0044,2020-10-05,CONDUCTOR,AUTO,MASCULINO,43.0,FATAL
584,2020-0045,2020-10-19,CONDUCTOR,AUTO,MASCULINO,50.0,FATAL
585,2020-0046,2020-10-27,CONDUCTOR,MOTO,MASCULINO,41.0,FATAL
586,2020-0047,2020-10-27,PEATON,PEATON,MASCULINO,15.0,FATAL
587,2020-0048,2020-10-29,CONDUCTOR,MOTO,MASCULINO,41.0,FATAL
588,2020-0049,2020-10-30,PEATON,PEATON,MASCULINO,36.0,FATAL
589,2020-0050,2020-11-01,PEATON,PEATON,FEMENINO,28.0,FATAL
590,2020-0051,2020-11-05,CONDUCTOR,MOTO,MASCULINO,49.0,FATAL
591,2020-0052,2020-11-07,CICLISTA,BICICLETA,MASCULINO,44.0,FATAL
592,2020-0053,2020-11-09,PASAJERO_ACOMPAÑANTE,AUTO,MASCULINO,27.0,FATAL
593,2020-0054,2020-11-19,CICLISTA,BICICLETA,MASCULINO,59.0,FATAL
594,2020-0055,2020-11-19,PEATON,PEATON,MASCULINO,91.0,FATAL
595,2020-0056,2020-11-21,CONDUCTOR,MOTO,FEMENINO,34.0,FATAL
596,2020-0057,2020-11-23,PEATON,PEATON,MASCULINO,84.0,FATAL
597,2020-0058,2020-11-24,PEATON,PEATON,MASCULINO,57.0,FATAL
598,2020-0059,2020-12-01,PEATON,PEATON,FEMENINO,49.0,FATAL
599,2020-0060,2020-12-03,PEATON,PEATON,FEMENINO,69.0,FATAL
600,2020-0061,2020-12-03,CONDUCTOR,MOTO,MASCULINO,45.0,FATAL
601,2020-0062,2020-12-04,CICLISTA,BICICLETA,MASCULINO,47.0,FATAL
602,2020-0063,2020-12-05,PEATON,PEATON,MASCULINO,38.0,FATAL
603,2020-0063,2020-12-05,PASAJERO_ACOMPAÑANTE,MOTO,MASCULINO,21.0,FATAL
604,2020-0065,2020-12-05,CONDUCTOR,MOTO,MASCULINO,24.0,FATAL
605,2020-0066,2020-12-07,CONDUCTOR,MOTO,MASCULINO,27.0,FATAL
606,2020-0067,2020-12-11,PEATON,PEATON,MASCULINO,51.0,FATAL
607,2020-0068,2020-12-12,CONDUCTOR,MOTO,MASCULINO,71.0,FATAL
608,2020-0069,2020-12-15,PASAJERO_ACOMPAÑANTE,MOTO,MASCULINO,25.0,FATAL
609,2020-0070,2020-12-17,PEATON,PEATON,FEMENINO,81.0,FATAL
610,2020-0071,2020-12-17,PEATON,PEATON,MASCULINO,4.0,FATAL
611,2020-0072,2020-12-19,CICLISTA,BICICLETA,MASCULINO,42.0,FATAL
612,2020-0073,2020-12-20,CONDUCTOR,MOTO,MASCULINO,56.0,FATAL
613,2020-0074,2020-12-20,CONDUCTOR,AUTO,MASCULINO,39.0,FATAL
614,2020-0075,2020-12-23,PEATON,PEATON,MASCULINO,23.0,FATAL
615,2020-0076,2020-12-24,CONDUCTOR,AUTO,FEMENINO,78.0,FATAL
616,2020-0077,2020-12-25,CONDUCTOR,MOTO,FEMENINO,30.0,FATAL
617,2020-0077,2020-12-25,PASAJERO_ACOMPAÑANTE,MOTO,FEMENINO,24.0,FATAL
618,2020-0078,2020-12-25,CICLISTA,BICICLETA,MASCULINO,26.0,FATAL
619,2020-0079,2020-12-27,CONDUCTOR,MOTO,MASCULINO,28.0,FATAL
620,2021-0001,2021-01-06,CONDUCTOR,MOTO,MASCULINO,36.0,FATAL
621,2021-0002,2021-01-07,CONDUCTOR,MOTO,FEMENINO,47.0,FATAL
622,2021-0003,2021-01-10,CONDUCTOR,MOTO,MASCULINO,27.0,FATAL
623,2021-0004,2021-01-11,PEATON,PEATON,FEMENINO,61.0,FATAL
624,2021-0005,2021-01-11,PEATON,PEATON,MASCULINO,73.0,FATAL
625,2021-0006,2021-01-12,PASAJERO_ACOMPAÑANTE,MOTO,FEMENINO,23.0,FATAL
626,2021-0007,2021-01-18,CONDUCTOR,MOTO,MASCULINO,84.0,FATAL
627,2021-0008,2021-01-22,PEATON,PEATON,MASCULINO,28.0,FATAL
628,2021-0009,2021-01-23,CONDUCTOR,MOTO,MASCULINO,31.0,FATAL
629,2021-0010,2021-01-23,CONDUCTOR,MOTO,MASCULINO,28.0,FATAL
630,2021-0011,2021-01-27,PEATON,PEATON,MASCULINO,21.0,FATAL
631,2021-0012,2021-01-29,PEATON,PEATON,MASCULINO,,FATAL
632,2021-0013,2021-01-31,CONDUCTOR,MOTO,MASCULINO,41.0,FATAL
633,2021-0014,2021-02-02,PEATON,PEATON,MASCULINO,28.0,FATAL
634,2021-0015,2021-02-06,CONDUCTOR,MOTO,MASCULINO,26.0,FATAL
635,2021-0016,2021-02-14,CONDUCTOR,AUTO,MASCULINO,22.0,FATAL
636,2021-0017,2021-02-17,CONDUCTOR,MOTO,MASCULINO,33.0,FATAL
637,2021-0018,2021-02-20,PEATON,PEATON,MASCULINO,36.0,FATAL
638,2021-0019,2021-02-21,CONDUCTOR,MOTO,MASCULINO,30.0,FATAL
639,2021-0020,2021-02-21,PEATON,PEATON,FEMENINO,,FATAL
640,2021-0021,2021-02-26,CONDUCTOR,MOTO,MASCULINO,39.0,FATAL
641,2021-0022,2021-02-28,PASAJERO_ACOMPAÑANTE,PASAJEROS,MASCULINO,68.0,FATAL
642,2021-0023,2021-03-01,CONDUCTOR,MOTO,MASCULINO,24.0,FATAL
643,2021-0024,2021-03-03,CICLISTA,BICICLETA,MASCULINO,5.0,FATAL
644,2021-0025,2021-03-11,CONDUCTOR,MOTO,MASCULINO,37.0,FATAL
645,2021-0026,2021-03-15,CONDUCTOR,MOTO,MASCULINO,36.0,FATAL
646,2021-0027,2021-03-16,CONDUCTOR,MOTO,FEMENINO,19.0,FATAL
647,2021-0028,2021-03-29,PEATON,PEATON,MASCULINO,,FATAL
648,2021-0029,2021-03-31,CONDUCTOR,AUTO,MASCULINO,26.0,FATAL
649,2021-0030,2021-04-03,PEATON,PEATON,MASCULINO,36.0,FATAL
650,2021-0031,2021-04-07,PEATON,PEATON,FEMENINO,68.0,FATAL
651,2021-0032,2021-04-10,PEATON,PEATON,MASCULINO,60.0,FATAL
652,2021-0033,2021-04-14,CONDUCTOR,AUTO,MASCULINO,33.0,FATAL
653,2021-0034,2021-04-19,PASAJERO_ACOMPAÑANTE,MOTO,FEMENINO,26.0,FATAL
654,2021-0035,2021-05-03,CONDUCTOR,MOTO,MASCULINO,24.0,FATAL
655,2021-0036,2021-05-09,CONDUCTOR,MOTO,MASCULINO,36.0,FATAL
656,2021-0037,2021-05-11,PEATON,PEATON,FEMENINO,58.0,FATAL
657,2021-0038,2021-05-14,CONDUCTOR,MOTO,FEMENINO,44.0,FATAL
658,2021-0039,2021-05-15,CICLISTA,BICICLETA,MASCULINO,86.0,FATAL
659,2021-0040,2021-05-20,CONDUCTOR,MOTO,MASCULINO,27.0,FATAL
660,2021-0041,2021-05-20,PEATON,PEATON,MASCULINO,75.0,FATAL
661,2021-0042,2021-05-21,PEATON,PEATON,MASCULINO,39.0,FATAL
662,2021-0043,2021-05-22,PEATON,PEATON,MASCULINO,50.0,FATAL
663,2021-0044,2021-05-25,PASAJERO_ACOMPAÑANTE,MOTO,MASCULINO,21.0,FATAL
664,2021-0045,2021-05-26,CONDUCTOR,MOTO,MASCULINO,22.0,FATAL
665,2021-0046,2021-05-31,PASAJERO_ACOMPAÑANTE,AUTO,MASCULINO,20.0,FATAL
666,2021-0047,2021-06-02,CONDUCTOR,MOTO,MASCULINO,59.0,FATAL
667,2021-0048,2021-06-03,CICLISTA,BICICLETA,MASCULINO,44.0,FATAL
668,2021-0049,2021-06-03,CONDUCTOR,AUTO,MASCULINO,74.0,FATAL
669,2021-0050,2021-06-10,CONDUCTOR,MOTO,MASCULINO,56.0,FATAL
670,2021-0051,2021-06-15,PEATON,PEATON,MASCULINO,73.0,FATAL
671,2021-0052,2021-06-20,PASAJERO_ACOMPAÑANTE,MOTO,FEMENINO,19.0,FATAL
672,2021-0053,2021-06-20,PEATON,PEATON,MASCULINO,58.0,FATAL
673,2021-0054,2021-06-22,CONDUCTOR,MOTO,MASCULINO,41.0,FATAL
674,2021-0055,2021-06-29,PASAJERO_ACOMPAÑANTE,MOTO,MASCULINO,47.0,FATAL
675,2021-0056,2021-07-09,CICLISTA,BICICLETA,MASCULINO,60.0,FATAL
676,2021-0057,2021-07-10,CONDUCTOR,AUTO,MASCULINO,46.0,FATAL
677,2021-0058,2021-07-21,PEATON,PEATON,MASCULINO,24.0,FATAL
678,2021-0059,2021-07-22,PASAJERO_ACOMPAÑANTE,AUTO,FEMENINO,44.0,FATAL
679,2021-0060,2021-07-22,PEATON,PEATON,FEMENINO,80.0,FATAL
680,2021-0061,2021-07-24,PEATON,PEATON,FEMENINO,55.0,FATAL
681,2021-0062,2021-07-27,CONDUCTOR,AUTO,MASCULINO,73.0,FATAL
682,2021-0063,2021-08-02,PASAJERO_ACOMPAÑANTE,AUTO,FEMENINO,31.0,FATAL
683,2021-0064,2021-08-02,PEATON,PEATON,MASCULINO,37.0,FATAL
684,2021-0065,2021-08-06,PEATON,PEATON,FEMENINO,63.0,FATAL
685,2021-0066,2021-08-06,PEATON,PEATON,MASCULINO,59.0,FATAL
686,2021-0067,2021-08-08,CONDUCTOR,MOTO,MASCULINO,27.0,FATAL
687,2021-0068,2021-08-15,CONDUCTOR,MOTO,MASCULINO,39.0,FATAL
688,2021-0069,2021-08-20,PEATON,PEATON,MASCULINO,17.0,FATAL
689,2021-0070,2021-08-28,CONDUCTOR,MOTO,MASCULINO,31.0,FATAL
690,2021-0071,2021-08-31,PEATON,PEATON,MASCULINO,88.0,FATAL
691,2021-0072,2021-09-01,PEATON,PEATON,FEMENINO,57.0,FATAL
692,2021-0073,2021-09-18,CICLISTA,BICICLETA,FEMENINO,76.0,FATAL
693,2021-0074,2021-09-20,CONDUCTOR,MOTO,MASCULINO,55.0,FATAL
694,2021-0075,2021-09-21,PEATON,PEATON,MASCULINO,65.0,FATAL
695,2021-0076,2021-10-16,CONDUCTOR,MOTO,MASCULINO,31.0,FATAL
696,2021-0077,2021-10-18,CONDUCTOR,MOTO,FEMENINO,31.0,FATAL
697,2021-0078,2021-10-23,CONDUCTOR,MOTO,MASCULINO,22.0,FATAL
698,2021-0079,2021-10-25,PEATON,PEATON,MASCULINO,,FATAL
699,2021-0080,2021-10-28,CONDUCTOR,MOTO,MASCULINO,32.0,FATAL
700,2021-0081,2021-11-02,CONDUCTOR,MOTO,MASCULINO,26.0,FATAL
701,2021-0082,2021-11-06,CONDUCTOR,MOTO,MASCULINO,38.0,FATAL
702,2021-0083,2021-11-09,CONDUCTOR,MOTO,MASCULINO,30.0,FATAL
703,2021-0084,2021-11-11,CONDUCTOR,AUTO,MASCULINO,32.0,FATAL
704,2021-0097,2021-11-18,CICLISTA,BICICLETA,MASCULINO,53.0,FATAL
705,2021-0085,2021-11-20,CONDUCTOR,MOTO,MASCULINO,49.0,FATAL
706,2021-0086,2021-11-25,PEATON,PEATON,MASCULINO,75.0,FATAL
707,2021-0087,2021-11-27,PEATON,PEATON,FEMENINO,73.0,FATAL
708,2021-0088,2021-12-01,CONDUCTOR,MOTO,MASCULINO,45.0,FATAL
709,2021-0089,2021-12-02,CONDUCTOR,MOTO,MASCULINO,41.0,FATAL
710,2021-0090,2021-12-10,PEATON,PEATON,MASCULINO,73.0,FATAL
711,2021-0091,2021-12-11,CONDUCTOR,MOTO,MASCULINO,24.0,FATAL
712,2021-0092,2021-12-12,PEATON,PEATON,FEMENINO,50.0,FATAL
713,2021-0093,2021-12-13,PASAJERO_ACOMPAÑANTE,MOTO,FEMENINO,18.0,FATAL
714,2021-0094,2021-12-20,PASAJERO_ACOMPAÑANTE,MOTO,FEMENINO,43.0,FATAL
715,2021-0095,2021-12-30,CONDUCTOR,MOTO,MASCULINO,27.0,FATAL
716,2021-0096,2021-12-15,CONDUCTOR,AUTO,MASCULINO,60.0,FATAL
